﻿pos_x,pos_y,rotation,side,designator,mpn,pack,value,mount_type,place
112.649,-54.61,90.0,top,D0,,LED_THT__LED_D3.0mm,LED,tht,True
108.077,-54.61,90.0,top,D1,,LED_THT__LED_D3.0mm,LED,tht,True
103.505,-54.61,90.0,top,D2,,LED_THT__LED_D3.0mm,LED,tht,True
98.933,-54.61,90.0,top,D3,,LED_THT__LED_D3.0mm,LED,tht,True
94.361,-54.61,90.0,top,D4,,LED_THT__LED_D3.0mm,LED,tht,True
89.789,-54.61,90.0,top,D5,,LED_THT__LED_D3.0mm,LED,tht,True
85.217,-54.61,90.0,top,D6,,LED_THT__LED_D3.0mm,LED,tht,True
80.645,-54.61,90.0,top,D7,,LED_THT__LED_D3.0mm,LED,tht,True
80.01,-63.5,-90.0,bottom,J1,,PinSocket_1x08_P2.54mm_Vertical,Conn_01x08_Socket,tht,True
80.01,-58.42,-90.0,bottom,J2,,PinSocket_1x08_P2.54mm_Vertical,Conn_01x08_Socket,tht,True
